<?xml version="1.0" encoding="utf-8" standalone="yes"?>
<rss version="2.0" xmlns:atom="http://www.w3.org/2005/Atom">
  <channel>
    <title>Game Servers on My Static Site</title>
    <link>https://playnhost.com/games/</link>
    <description>Recent content in Game Servers on My Static Site</description>
    <generator>Hugo</generator>
    <language>en-us</language>
    <lastBuildDate>Mon, 01 Jan 0001 00:00:00 +0000</lastBuildDate>
    <atom:link href="https://playnhost.com/games/index.xml" rel="self" type="application/rss+xml" />
    <item>
      <title>Palworld</title>
      <link>https://playnhost.com/games/palworld/</link>
      <pubDate>Mon, 01 Jan 0001 00:00:00 +0000</pubDate>
      <guid>https://playnhost.com/games/palworld/</guid>
      <description></description>
    </item>
    <item>
      <title>PROJECT ZOMBOID</title>
      <link>https://playnhost.com/games/project-zomboid/</link>
      <pubDate>Mon, 01 Jan 0001 00:00:00 +0000</pubDate>
      <guid>https://playnhost.com/games/project-zomboid/</guid>
      <description></description>
    </item>
    <item>
      <title>Rust</title>
      <link>https://playnhost.com/games/rust/</link>
      <pubDate>Mon, 01 Jan 0001 00:00:00 +0000</pubDate>
      <guid>https://playnhost.com/games/rust/</guid>
      <description></description>
    </item>
  </channel>
</rss>
