<?xml version="1.0" encoding="utf-8" standalone="yes"?>
<rss version="2.0" xmlns:atom="http://www.w3.org/2005/Atom">
  <channel>
    <title>Game Servers on My Static Site</title>
    <link>https://playnhost.com/discord-bot-hosting/</link>
    <description>Recent content in Game Servers on My Static Site</description>
    <generator>Hugo</generator>
    <language>en-us</language>
    <lastBuildDate></lastBuildDate>
    <atom:link href="https://playnhost.com/discord-bot-hosting/index.xml" rel="self" type="application/rss+xml" />
  </channel>
</rss>
